{
  "train_loss": [
    3.0506563463876413,
    2.6239686899406967,
    2.3975773173709247,
    2.201391413045484,
    1.9961336657058362,
    1.8359011600183885,
    1.6814773531847222,
    1.4935699088628902,
    1.3807526075562766,
    1.2625759083171224,
    1.1395764373069586,
    1.1514733544615812,
    1.0018118705860404,
    0.9553539413352345,
    0.8472519849621972,
    0.8426213023967521,
    0.7667782965094544,
    0.7144153705863066,
    0.7021321114412574,
    0.699051829618077,
    0.6360478327024814,
    0.6200697679159253,
    0.5849099623602491,
    0.5535347400016563,
    0.49883732310561246,
    0.48446773782719016,
    0.5090830418259599,
    0.46325637517973434,
    0.41446633695863017,
    0.356504558945118,
    0.3184928731862889,
    0.3122582652021286,
    0.29168216792303464,
    0.3005746220606704,
    0.278752261608146,
    0.2894034976356251,
    0.2693016497548236,
    0.2640748940061691,
    0.2471141214634097,
    0.23971496631586275,
    0.21373119538346697,
    0.23725857192347216,
    0.2399536459685065,
    0.22094472261189027,
    0.1714317701063877,
    0.1728134893227455,
    0.16650177346932332,
    0.167440187376599
  ],
  "val_loss": [
    2.9724969731436834,
    2.7050210502412586,
    2.8831457208704063,
    2.3991113150561296,
    2.1657075396290533,
    1.9254003012621845,
    1.5024374811737626,
    1.6365943374457184,
    1.2245149336479328,
    1.4738609459665086,
    1.3118976983759139,
    1.8726843308519434,
    0.8590564319381008,
    0.7850318512430897,
    0.744295800725619,
    0.6368532263570361,
    0.8624113903001502,
    0.6910901582903333,
    1.0194147797646347,
    0.6542860796606099,
    0.5611900062196784,
    0.732695699289993,
    0.4884020124596578,
    0.5495631217404648,
    0.5234142009306837,
    0.49509065211923037,
    0.624447185408186,
    0.5059589382123064,
    0.6365370855287269,
    0.6787070463652964,
    0.4572480745199654,
    0.49739151461808767,
    0.6328132006305235,
    0.4769508586851535,
    0.6512262252745805,
    0.45424371202372843,
    0.4814611957580955,
    0.3713491957772661,
    0.3892677024144817,
    0.43451701049451474,
    0.49715523916745075,
    0.5552747778042599,
    0.4356972332009011,
    0.4700965634719641,
    0.38146982893899634,
    0.4358292030584481,
    0.4102753344405856,
    0.43094414434637185
  ],
  "train_acc": [
    0.12009305030532132,
    0.20311136958418144,
    0.2503634777551614,
    0.2888921198022681,
    0.3474847339342832,
    0.4027333527188136,
    0.4569642337888921,
    0.5127944169816807,
    0.5571387031113696,
    0.5931956964233789,
    0.634195987205583,
    0.6352137249200349,
    0.6855190462343704,
    0.6935155568479209,
    0.734515847630125,
    0.7355335853445769,
    0.75734225065426,
    0.7720267519627799,
    0.7744984006978773,
    0.7795870892701366,
    0.791218377435301,
    0.7990694969467869,
    0.813027042744984,
    0.8249491131142774,
    0.8415236987496365,
    0.842977609770282,
    0.8413783076475719,
    0.8501017737714451,
    0.8652224483861588,
    0.8881942425123582,
    0.8973538819424252,
    0.9040418726373946,
    0.9098575167199767,
    0.9076766501890084,
    0.9114568188426868,
    0.9114568188426868,
    0.9179994184355917,
    0.9166908985170108,
    0.9251235824367549,
    0.9274498400697877,
    0.9331200930503053,
    0.9248328002326258,
    0.9251235824367549,
    0.9328293108461763,
    0.9462052922361152,
    0.9463506833381797,
    0.9478045943588252,
    0.9483861587670834
  ],
  "val_acc": [
    0.11046511627906977,
    0.17732558139534885,
    0.1744186046511628,
    0.24127906976744187,
    0.29186046511627906,
    0.3680232558139535,
    0.47674418604651164,
    0.49127906976744184,
    0.5988372093023255,
    0.5406976744186046,
    0.5988372093023255,
    0.48255813953488375,
    0.7203488372093023,
    0.766860465116279,
    0.7773255813953488,
    0.8104651162790698,
    0.7343023255813953,
    0.786046511627907,
    0.6895348837209302,
    0.8098837209302325,
    0.8354651162790697,
    0.7593023255813953,
    0.858139534883721,
    0.8406976744186047,
    0.8465116279069768,
    0.8651162790697674,
    0.825,
    0.8651162790697674,
    0.8313953488372093,
    0.8313953488372093,
    0.8854651162790698,
    0.8715116279069768,
    0.8482558139534884,
    0.8843023255813953,
    0.8366279069767442,
    0.8959302325581395,
    0.8877906976744186,
    0.9034883720930232,
    0.9093023255813953,
    0.9017441860465116,
    0.8877906976744186,
    0.8854651162790698,
    0.8965116279069767,
    0.897093023255814,
    0.913953488372093,
    0.9098837209302325,
    0.9069767441860465,
    0.9104651162790698
  ]
}