{
  "train_loss": [
    3.1540734490682913,
    2.8768532442492107,
    2.720325835915499,
    2.5832236001657884,
    2.4653434320937757,
    2.3554334912189216,
    2.200154851758203,
    2.0525587386863178,
    1.9517791814582293,
    1.8609270716822424,
    1.7810579360917558,
    1.712588340737099,
    1.6575278736824213,
    1.5739539534546607,
    1.4997167282326276,
    1.4651775515356729,
    1.409833565423655,
    1.3726680231648822,
    1.319621992111206,
    1.278206638957179,
    1.2442788240521454,
    1.2170134791108065,
    1.1970255433126937,
    1.15982497708742,
    1.1475192605062972,
    1.1174768154011216,
    1.1082341152568196,
    1.0996344205945037,
    1.0801006877145103,
    1.0459555065909096,
    1.0380904092345127,
    1.018973154522652,
    1.0099685893502346,
    0.9914742558501487,
    0.9950489609740502,
    0.9708496858907301,
    0.9628110946610916,
    0.9595233931097873,
    0.9326642369115076,
    0.9449440002441406,
    0.9231199084326278,
    0.9225853925527528,
    0.9247819301693938,
    0.910752281200054,
    0.9040790239045786,
    0.8928635511287423,
    0.8945412000944448,
    0.8825811103332875,
    0.8836835675461348,
    0.8763490216676579,
    0.8664000303246254,
    0.8607889061750368,
    0.8322247175283211,
    0.8247539983239285
  ],
  "val_loss": [
    2.994872728983561,
    2.9108039935429892,
    2.734396250159652,
    2.66706496697885,
    2.667592437179,
    2.4253355971089117,
    2.253623679832176,
    2.0935401342533253,
    1.9869428012106154,
    1.965349468919966,
    1.8422221386874165,
    1.8215902933367976,
    1.6355504327350192,
    1.658280889193217,
    1.6036936243375142,
    1.5388169641847964,
    1.4723239805963304,
    1.3822465671433344,
    1.327650385874289,
    1.331489876464561,
    1.312316561186755,
    1.2908069667992768,
    1.2675774450655337,
    1.2403306972097468,
    1.2138934587990795,
    1.2475994604605216,
    1.1195712531054463,
    1.221280950087088,
    1.2040942642423842,
    1.094158978373916,
    1.0694274140728846,
    1.1556035103621307,
    1.0612918745588373,
    1.0540156309251432,
    1.0503803348099743,
    1.0628238905359197,
    1.0286750793457031,
    1.0423476199309032,
    1.0717172159088983,
    0.9890234713201169,
    1.0533490456916668,
    1.0776775600733581,
    0.9938712671951011,
    0.9728895801085012,
    1.0665362830515261,
    0.9614247701786183,
    1.027564404187379,
    0.9736539622147878,
    0.9944624139202966,
    0.9978451784010287,
    0.9672794342041016,
    1.0184907846980624,
    0.995681353189327,
    0.9681206235179195
  ],
  "train_acc": [
    0.11631288165164291,
    0.18261122419307937,
    0.22041291072986333,
    0.25806920616458273,
    0.28932829310846175,
    0.3202965978482117,
    0.3829601628380343,
    0.4539110206455365,
    0.5127944169816807,
    0.5479790636813027,
    0.5812736260540855,
    0.6120965396917709,
    0.62867112532713,
    0.6663274207618494,
    0.6965687699912765,
    0.7048560628089561,
    0.7271009014248327,
    0.7412038383250945,
    0.7615585926141321,
    0.7698458854318115,
    0.7875835998836871,
    0.8003780168653678,
    0.8051759232334981,
    0.8175341669089852,
    0.8296016283803431,
    0.8373073567897644,
    0.8409421343413783,
    0.8423960453620238,
    0.8492294271590579,
    0.8634777551613841,
    0.8675487060191917,
    0.8772899098575168,
    0.8797615585926142,
    0.8848502471648735,
    0.8809246874091305,
    0.8922651933701657,
    0.8976446641465542,
    0.8972084908403606,
    0.9070950857807503,
    0.905205001453911,
    0.9114568188426868,
    0.9108752544344286,
    0.9086943879034604,
    0.9149462052922361,
    0.9158185519046235,
    0.9220703692933993,
    0.9195987205583018,
    0.9246874091305612,
    0.9268682756615295,
    0.9265774934574004,
    0.9334108752544344,
    0.9334108752544344,
    0.9437336435010177,
    0.9470776388485025
  ],
  "val_acc": [
    0.14709302325581394,
    0.16395348837209303,
    0.17848837209302326,
    0.22325581395348837,
    0.2651162790697674,
    0.32383720930232557,
    0.3686046511627907,
    0.45290697674418606,
    0.5011627906976744,
    0.5110465116279069,
    0.5482558139534883,
    0.575,
    0.6412790697674419,
    0.647093023255814,
    0.6622093023255814,
    0.6848837209302325,
    0.6982558139534883,
    0.7569767441860465,
    0.7779069767441861,
    0.7674418604651163,
    0.7744186046511627,
    0.7877906976744186,
    0.7837209302325582,
    0.811046511627907,
    0.8180232558139535,
    0.8034883720930233,
    0.8523255813953489,
    0.8087209302325581,
    0.8296511627906977,
    0.861046511627907,
    0.8686046511627907,
    0.8447674418604652,
    0.8784883720930232,
    0.8732558139534884,
    0.8837209302325582,
    0.8709302325581395,
    0.8854651162790698,
    0.8848837209302326,
    0.8732558139534884,
    0.8988372093023256,
    0.8877906976744186,
    0.875,
    0.9029069767441861,
    0.9127906976744186,
    0.8790697674418605,
    0.9098837209302325,
    0.8976744186046511,
    0.9093023255813953,
    0.9011627906976745,
    0.9093023255813953,
    0.913953488372093,
    0.8936046511627908,
    0.9017441860465116,
    0.911046511627907
  ]
}