{
  "train_loss": [
    2.841400544033494,
    1.9997190569722376,
    1.4289919681327288,
    1.1403439322183297,
    1.021666486873183,
    0.830048532333485,
    0.7122740169597227,
    0.6450870338914007,
    0.571287809208382,
    0.48375460533208625,
    0.53323354197796,
    0.4874648145118425,
    0.3868267903147742,
    0.4009293190788391,
    0.38353307472411974,
    0.31520328590169894,
    0.27211833325063073,
    0.2624038057618363,
    0.3256002460108247,
    0.27412649628727936,
    0.2759150764536719,
    0.2597263794955473,
    0.2692911726487584,
    0.22270210441201926,
    0.25966383605155835,
    0.23386259917819568,
    0.20208036123320114,
    0.19346266018529965,
    0.19265380658122688,
    0.17170930253991554,
    0.17014508103778542,
    0.15184567585522527,
    0.16555138143472548,
    0.15534541358261608,
    0.17287600260920996,
    0.18111624788103062,
    0.1593592050452825,
    0.13719298687200387,
    0.12328565482180133,
    0.08505195911681322,
    0.12009598033361917,
    0.10237210636341208,
    0.0914758411777574,
    0.0822323442545048,
    0.10650941743136405,
    0.0773006075657471,
    0.09697333534632614,
    0.09389274837530413,
    0.048247995665892524,
    0.09147111739974123
  ],
  "val_loss": [
    1.9655368593004015,
    1.032949736824742,
    0.801040311102514,
    0.6063531041145325,
    0.4811462163925171,
    0.3862200135158168,
    0.3915796373729353,
    0.3162394350877515,
    0.3063452452145241,
    0.29996763086981243,
    0.26723672325412434,
    0.27372952592041755,
    0.23770293207080276,
    0.23489989816314644,
    0.21560788340866566,
    0.24818786344042532,
    0.24872162531095524,
    0.209534941551586,
    0.21490018287052712,
    0.20594615830729404,
    0.23738926486974513,
    0.1872659240918303,
    0.1930003618924982,
    0.20274359403454043,
    0.21883924420991982,
    0.20645646005868912,
    0.1848103359160531,
    0.1770051382654519,
    0.18491319920522747,
    0.1751020762345029,
    0.23105307416645465,
    0.19943685094929403,
    0.17199426382797323,
    0.18073293624480288,
    0.18305022612696997,
    0.19314512853614157,
    0.19529962211122942,
    0.18679343777087828,
    0.17325883993396052,
    0.18194967497429052,
    0.16875887063495745,
    0.17201307622060455,
    0.18041687764236014,
    0.19333008080031033,
    0.17313508898951113,
    0.17555562650388176,
    0.17238529388689333,
    0.168877255632887,
    0.168224381787392,
    0.1690789345906254
  ],
  "train_acc": [
    0.20776388485024716,
    0.4414073858679849,
    0.6070078511195115,
    0.6842105263157895,
    0.7175050886885722,
    0.7673742366967141,
    0.8013957545798197,
    0.8137539982553068,
    0.8359988368711835,
    0.8627507996510614,
    0.8490840360569933,
    0.8583890665891247,
    0.8931375399825531,
    0.8861587670834545,
    0.8909566734515848,
    0.9072404768828147,
    0.9185809828438499,
    0.92018028496656,
    0.9037510904332655,
    0.9188717650479791,
    0.9168362896190753,
    0.9243966269264321,
    0.9187263739459145,
    0.9342832218668218,
    0.925705146845013,
    0.9296307066007561,
    0.9422797324803722,
    0.9406804303576621,
    0.9432974701948241,
    0.9486769409712126,
    0.949840069787729,
    0.956673451584763,
    0.9499854608897935,
    0.9559464960744403,
    0.9483861587670834,
    0.9446059901134051,
    0.9528932829310847,
    0.9578365804012794,
    0.9639430066879907,
    0.9749927304448968,
    0.9633614422797325,
    0.9699040418726373,
    0.9707763884850247,
    0.9751381215469613,
    0.9672870020354755,
    0.9751381215469613,
    0.9704856062808956,
    0.9723756906077348,
    0.9854608897935446,
    0.9731026461180575
  ],
  "val_acc": [
    0.5023255813953489,
    0.7273255813953489,
    0.7726744186046511,
    0.8267441860465117,
    0.8668604651162791,
    0.8959302325581395,
    0.8936046511627908,
    0.9209302325581395,
    0.913953488372093,
    0.916860465116279,
    0.9255813953488372,
    0.9203488372093023,
    0.936046511627907,
    0.9348837209302325,
    0.9401162790697675,
    0.9325581395348838,
    0.9284883720930233,
    0.9453488372093023,
    0.9406976744186046,
    0.9482558139534883,
    0.9372093023255814,
    0.9546511627906977,
    0.9465116279069767,
    0.9494186046511628,
    0.9424418604651162,
    0.9424418604651162,
    0.9540697674418605,
    0.9511627906976744,
    0.9505813953488372,
    0.9523255813953488,
    0.9395348837209302,
    0.9511627906976744,
    0.9540697674418605,
    0.9540697674418605,
    0.9546511627906977,
    0.9511627906976744,
    0.9482558139534883,
    0.9552325581395349,
    0.9587209302325581,
    0.9558139534883721,
    0.958139534883721,
    0.958139534883721,
    0.9563953488372093,
    0.9534883720930233,
    0.961046511627907,
    0.9575581395348837,
    0.958139534883721,
    0.9575581395348837,
    0.958139534883721,
    0.9587209302325581
  ]
}