{
  "train_loss": [
    2.864092570127443,
    2.0656120247619096,
    1.64545691567798,
    1.3680831180062405,
    1.1794211064660272,
    0.9438951018244721,
    0.8150730991779371,
    0.8112728086321853,
    0.6383436139932899,
    0.643105520481287,
    0.5626387468430885,
    0.5441237524151802,
    0.4856163461194482,
    0.4901908324554909,
    0.4247113583392875,
    0.38720155920573446,
    0.34942932893023937,
    0.3609100789524788,
    0.3290262495622385,
    0.33139203365805536,
    0.37697938894636407,
    0.34133204038493165,
    0.3130663109206876,
    0.22481062488933634,
    0.2663422451116318,
    0.21700538593279414,
    0.28284071028059304,
    0.24173176986013734,
    0.19714570195782324,
    0.1913620483736659,
    0.15075672265618692,
    0.18507202223896288,
    0.17107969822881874,
    0.17216825869237615,
    0.17151488434999834,
    0.18720537165591364,
    0.20110964036741574,
    0.16190082300670966,
    0.2506673200738205,
    0.21171840414686433,
    0.19518438508127664,
    0.1587572677234231,
    0.14310806304227214,
    0.1551578065672846,
    0.1542410924565047,
    0.1612218453169822,
    0.1477013022140708,
    0.1946968541101574,
    0.14424255725407842,
    0.21357057810501132
  ],
  "val_loss": [
    2.0013072225782604,
    1.1231749466171972,
    0.8493119411998324,
    0.6265338179137971,
    0.49851673869071184,
    0.44829136105599227,
    0.3704805572827657,
    0.3849866742061244,
    0.3361435235926398,
    0.2719028051252718,
    0.2805027838934351,
    0.2584003417028321,
    0.2538967974897888,
    0.25074060619981203,
    0.21879495576851898,
    0.23588029364192928,
    0.2531176837575104,
    0.22653222980874557,
    0.20803234270877308,
    0.21201835924552548,
    0.23070836712226825,
    0.20006562929807437,
    0.2091057899373549,
    0.18904570497020526,
    0.1962837010484051,
    0.21290740670843256,
    0.20724285459490838,
    0.21102108357957117,
    0.20592295118021192,
    0.1922596363885397,
    0.18837088975986396,
    0.18937655660772212,
    0.17426555943502872,
    0.1811416544434097,
    0.18396850677069138,
    0.18183113779458734,
    0.21395955460266797,
    0.1824963958244081,
    0.1758646605087927,
    0.1659353263158765,
    0.17762141100441417,
    0.18637368328765863,
    0.17112224806031143,
    0.17563213407130981,
    0.20408623653498512,
    0.17379514191782586,
    0.16714809913429673,
    0.16965011595230964,
    0.16839095763862133,
    0.17029945017700945
  ],
  "train_acc": [
    0.19467868566443733,
    0.42890375109043327,
    0.5447804594358825,
    0.6206746147135795,
    0.669380633905205,
    0.7297179412619947,
    0.772317534166909,
    0.765774934574004,
    0.8140447804594358,
    0.8141901715615004,
    0.8384704856062809,
    0.8454492585053794,
    0.8575167199767374,
    0.8608607153242221,
    0.876562954347194,
    0.883396336144228,
    0.8967723175341669,
    0.8954637976155859,
    0.9017156150043617,
    0.9046234370456528,
    0.8892119802268101,
    0.9001163128816516,
    0.9069496946786857,
    0.9332654841523699,
    0.9211980226810119,
    0.9354463506833381,
    0.9158185519046235,
    0.9243966269264321,
    0.941698168072114,
    0.9411166036638557,
    0.9528932829310847,
    0.9451875545216633,
    0.9469322477464379,
    0.9480953765629544,
    0.9472230299505671,
    0.9453329456237278,
    0.9408258214597267,
    0.9526025007269555,
    0.9238150625181739,
    0.9382087816225647,
    0.941698168072114,
    0.9553649316661821,
    0.9576911892992149,
    0.9534748473393428,
    0.9527478918290201,
    0.9530386740331491,
    0.9560918871765048,
    0.9427159057865658,
    0.9587089270136667,
    0.9367548706019192
  ],
  "val_acc": [
    0.43197674418604654,
    0.7,
    0.7598837209302326,
    0.8186046511627907,
    0.8616279069767442,
    0.8691860465116279,
    0.8959302325581395,
    0.8883720930232558,
    0.9011627906976745,
    0.9255813953488372,
    0.9197674418604651,
    0.9209302325581395,
    0.9308139534883721,
    0.9290697674418604,
    0.9377906976744186,
    0.9308139534883721,
    0.9348837209302325,
    0.9319767441860465,
    0.9430232558139535,
    0.936046511627907,
    0.9302325581395349,
    0.9436046511627907,
    0.9395348837209302,
    0.9505813953488372,
    0.9470930232558139,
    0.9441860465116279,
    0.9424418604651162,
    0.9383720930232559,
    0.9430232558139535,
    0.9482558139534883,
    0.9482558139534883,
    0.9476744186046512,
    0.9569767441860465,
    0.9517441860465117,
    0.9523255813953488,
    0.9488372093023256,
    0.9482558139534883,
    0.9546511627906977,
    0.9546511627906977,
    0.9593023255813954,
    0.9563953488372093,
    0.9517441860465117,
    0.9552325581395349,
    0.9563953488372093,
    0.9517441860465117,
    0.9552325581395349,
    0.9593023255813954,
    0.9575581395348837,
    0.9587209302325581,
    0.958139534883721
  ]
}