{
  "train_loss": [
    2.0665642377942106,
    0.8109972817953243,
    0.5185912871083548,
    0.3837590768933296,
    0.30412055862157844,
    0.24749607738367346,
    0.21438727456816406,
    0.18614387906394725,
    0.1566320709797532,
    0.135418244992751,
    0.13391832437712786,
    0.10553162261886999,
    0.09036692807472549,
    0.09074547947925883,
    0.08569133095659835,
    0.0748284596798205,
    0.06782312683685314,
    0.05773779239592164,
    0.06269965070451415,
    0.04858174938194151,
    0.044465208111525795,
    0.03722693419766201,
    0.030284534928897874,
    0.03334167641398042,
    0.01810429986379499,
    0.01335177488847051,
    0.011792832141035497,
    0.01000460508898128,
    0.008379506409374,
    0.0075337427125453165,
    0.008731639156250694,
    0.007094192181491878,
    0.011606189251341315,
    0.003846441841757718,
    0.0040308836531124164,
    0.002581816377642099,
    0.0030858528730933294
  ],
  "val_loss": [
    0.8201901300085915,
    0.4737556935460479,
    0.3345640420361801,
    0.28503250599735314,
    0.2605801001881008,
    0.22074916734601613,
    0.21029172692861822,
    0.1852439368074691,
    0.17672953642559824,
    0.19192320755165485,
    0.17809667884527394,
    0.180618264367459,
    0.18272222596203425,
    0.16528144903282668,
    0.17107332542946097,
    0.1833818650295682,
    0.15974694190447702,
    0.14218102067846944,
    0.16918501921086485,
    0.19202698665537388,
    0.20538913384424867,
    0.2049468349238547,
    0.17768016480382626,
    0.15897413997057205,
    0.17897716402532954,
    0.14058901027008822,
    0.13110024685186175,
    0.15865075791670177,
    0.15146139830849953,
    0.1495998358413662,
    0.16976971136285068,
    0.15522493715094174,
    0.1877020832840504,
    0.14991209247192375,
    0.15098263492756006,
    0.1558818521229518,
    0.16033272241813595
  ],
  "train_acc": [
    0.42919453329456236,
    0.7726083163710381,
    0.856353591160221,
    0.891538237859843,
    0.9086943879034604,
    0.9290491421924978,
    0.9354463506833381,
    0.9454783367257924,
    0.9534748473393428,
    0.9589997092177959,
    0.9587089270136667,
    0.968740913056121,
    0.9736842105263158,
    0.9729572550159931,
    0.9754289037510905,
    0.9754289037510905,
    0.9790636813027043,
    0.9808083745274789,
    0.979790636813027,
    0.9840069787728991,
    0.9829892410584472,
    0.9872055830183193,
    0.9909857516719977,
    0.9899680139575457,
    0.9947659203256761,
    0.9953474847339343,
    0.9966560046525152,
    0.9975283512649026,
    0.9975283512649026,
    0.9978191334690317,
    0.9978191334690317,
    0.9981099156731608,
    0.9963652224483862,
    0.9988368711834835,
    0.9989822622855481,
    0.9995638266938064,
    0.9992730444896772
  ],
  "val_acc": [
    0.7622093023255814,
    0.8697674418604651,
    0.9023255813953488,
    0.9203488372093023,
    0.9267441860465117,
    0.9395348837209302,
    0.9441860465116279,
    0.952906976744186,
    0.9523255813953488,
    0.9575581395348837,
    0.9511627906976744,
    0.9552325581395349,
    0.9505813953488372,
    0.9569767441860465,
    0.9575581395348837,
    0.9575581395348837,
    0.9604651162790697,
    0.9651162790697675,
    0.9627906976744186,
    0.9587209302325581,
    0.9569767441860465,
    0.9523255813953488,
    0.961046511627907,
    0.9668604651162791,
    0.9656976744186047,
    0.9715116279069768,
    0.9697674418604652,
    0.9680232558139535,
    0.9715116279069768,
    0.9697674418604652,
    0.9674418604651163,
    0.9715116279069768,
    0.9668604651162791,
    0.9715116279069768,
    0.9744186046511628,
    0.9715116279069768,
    0.9738372093023255
  ]
}