{
  "train_loss": [
    1.472267888313116,
    1.3338638957156692,
    1.1700357043465903,
    1.0773793991221938,
    0.9498525450395984,
    0.858162376353907,
    0.8085383671660756,
    0.7642149147599242,
    0.7169380980868673,
    0.6958521842956543,
    0.6357427087634109,
    0.6000117078076962,
    0.5611567775177401,
    0.5782876827689104,
    0.5021079843127451,
    0.4838742431513099,
    0.46381468693184297,
    0.46233098718316057,
    0.3961224577108095,
    0.44811299845229746,
    0.3861852914441464,
    0.371909016457408,
    0.338951049710429,
    0.3246140388555305,
    0.30682560522542446,
    0.2991654821953108,
    0.2815491585624079,
    0.29530386019411475,
    0.25622372002839,
    0.18987124418449958,
    0.17554726752257624,
    0.17778785883470677,
    0.16279395993928922,
    0.16940753504547268,
    0.1568208259681976,
    0.1515844680455535,
    0.15651930907827824,
    0.15730021913687503,
    0.11550512792932432,
    0.09904677791975786,
    0.10012892366408609,
    0.09973747620553991
  ],
  "val_loss": [
    1.7356646016792014,
    2.0396057941295482,
    1.2764201373965651,
    1.0659191851262693,
    0.8632044080230925,
    0.8869473718934588,
    0.7224583118050186,
    0.6941988429537526,
    0.7075414536175905,
    0.6388466142945819,
    0.6370832823492862,
    0.6355861149452351,
    0.5994209398825964,
    0.5344627372644566,
    0.5112157428154239,
    0.5088832934421522,
    0.4236355270776484,
    0.6304505083847929,
    0.46372116798603974,
    0.704343655595073,
    0.3788531971750436,
    0.44130950786725237,
    0.3216027550537277,
    0.40733495644397205,
    0.4433318070239491,
    0.41199447083528395,
    0.4315108469238988,
    0.405379934857289,
    0.3960578025629123,
    0.34196284434033763,
    0.3211634099069569,
    0.28999973160939085,
    0.3124057180679369,
    0.32838060263613306,
    0.35890761399814103,
    0.29241408399064783,
    0.3203148487869098,
    0.4095025364551003,
    0.30146082468261876,
    0.2960538269727732,
    0.317932808724301,
    0.29898111082729883
  ],
  "train_acc": [
    0.5197731898807793,
    0.5517592323349811,
    0.6064262867112533,
    0.6420471067170689,
    0.6765047979063681,
    0.7089270136667636,
    0.7269555103227683,
    0.7474556557138703,
    0.7643210235533585,
    0.7714451875545216,
    0.7935446350683338,
    0.8056120965396918,
    0.8175341669089852,
    0.8141901715615004,
    0.8422506542599593,
    0.8473393428322187,
    0.8534457691189299,
    0.8578075021808665,
    0.8753998255306775,
    0.8566443733643501,
    0.8767083454492585,
    0.8844140738586799,
    0.8911020645536493,
    0.900988659494039,
    0.9020063972084909,
    0.9049142192497819,
    0.9126199476592033,
    0.9081128234952021,
    0.9195987205583018,
    0.9421343413783076,
    0.9450421634195987,
    0.9453329456237278,
    0.9510031986042454,
    0.9505670252980517,
    0.9504216341959872,
    0.9524571096248909,
    0.9544925850537948,
    0.9521663274207619,
    0.9653969177086362,
    0.9693224774643792,
    0.9696132596685083,
    0.9690316952602501
  ],
  "val_acc": [
    0.4808139534883721,
    0.39767441860465114,
    0.5906976744186047,
    0.6767441860465117,
    0.7104651162790697,
    0.7087209302325581,
    0.7732558139534884,
    0.7802325581395348,
    0.7662790697674419,
    0.8104651162790698,
    0.8034883720930233,
    0.7994186046511628,
    0.8244186046511628,
    0.8284883720930233,
    0.8476744186046512,
    0.8505813953488373,
    0.8767441860465116,
    0.8133720930232559,
    0.8732558139534884,
    0.8220930232558139,
    0.8930232558139535,
    0.8715116279069768,
    0.9098837209302325,
    0.8924418604651163,
    0.8825581395348837,
    0.8953488372093024,
    0.8843023255813953,
    0.8994186046511627,
    0.897093023255814,
    0.9145348837209303,
    0.9180232558139535,
    0.9296511627906977,
    0.9284883720930233,
    0.9226744186046512,
    0.9232558139534883,
    0.9267441860465117,
    0.9238372093023256,
    0.9087209302325582,
    0.9354651162790698,
    0.9377906976744186,
    0.9331395348837209,
    0.9348837209302325
  ]
}